id;question;a;b;c;d;correct;image







1687;Ո՞րն է լույսի ուղղագիծ տարածման օրենքը:;Լույսը համասեռ միջավայրում տարածվում է ուղղագիծ:;Լույսը թափանցիկ միջավայրում տարածվում է ուղղագիծ:;Լույսը թափանցիկ, օպտիկապես համասեռ միջավայրում տարածվում է ուղղագիծ:;Լույսը միշտ տարածվում է ուղղագիծ:;3;
1688;Ի՞նչն է ստվերի առաջացման պատճառը:;Լույսի բեկումը միջավայրում:;Լույսի դիֆրակցիան մարմնից:;Լույսի ցրումը մարմնից:;Լույսի ուղղագիծ տարածումը:;4;
1689;Նկարում պատկերված են լույսի գնդաձև Տ աղբյուրը, անթափանց A գունդը և էկրանը: Ո՞ր կետերն են կիսաստվերում:;p:;ա, գ:;ա, բ, գ:;η:;2;question_images/1689.png
1690;Որքա՞ն է L երկարությամբ ուղղաձիգ ձողի ստվերի երկարությունը, եթե Արեգակի ճառագայթները ընկնում են 45° անկյան տակ:;(L * sqrt(2))/2;L;L * sqrt(2);2L;2;
1691;Ո՞ր կետը կհայտնվի անթափանց A օղակի ստվերում:;ա:;բ:;գ:;դ:;1;question_images/1691.png
1692;Հնարավո՞ր է, որ լույսը տարածվի կորագիծ:;Ոչ, լույսը բոլոր միջավայրերում տարածվում է ուղղագիծ:;Այո, օպտիկապես անհամասեռ միջավայրում լույսը տարածվում է կորագիծ:;Այո, օպտիկապես համասեռ, խիտ միջավայրում լույսը տարածվում է կորագիծ:;Բոլոր պատասխանները սխալ են:;2;
1693;Ո՞րն է ճառագայթի անդրադարձման անկյունը:;α:;β:;γ:;δ:;3;question_images/1693.png
1694;Որքա՞ն է ընկնող և անդրադարձող ճառագայթների կազմած անկյունը, եթե անկման անկյունը 30° է:;30°:;45°:;60°:;90°:;3;
1695;Հարթ հայելու վրա ընկնող և անդրադարձող ճառագայթների կազմած անկյունը 30° է: Որքա՞ն է անդրադարձող ճառագայթի կազմած անկյունը հայելու հետ:;115°:;75°:;30°:;15°:;2;
1696;Լույսի ճառագայթն ընկնում է մակերևույթին ուղղահայաց: Որքա՞ն է անդրադարձման անկյունը:;0°:;45°:;90°:;180°:;1;
1697;Ընկնող ճառագայթի և հարթ հայելու կազմած անկյունը հավասար է ընկնող և անդրադարձող ճառագայթների կազմած անկյանը: Որքա՞ն է անկման անկյունը:;30°:;45°:;50°:;60°:;1;
1698;Ինչպիսի՞ն է առարկայի պատկերը հարթ հայելում:;Ուղիղ, իրական, նույն չափի:;Ուղիղ, կեղծ, նույն չափի:;Ուղիղ, կեղծ, փոքրացված:;Շրջված, իրական, մեծացված:;2;
1699;Ո՞րն է եռանկյան ճիշտ պատկերը հարթ հայելում:;ա:;բ:;գ:;դ:;3;question_images/1699.png
1700;Ինչպե՞ս են փոխվում պատկերի չափերը հարթ հայելուց հեռացնելիս:;Մեծանում են:;Փոքրանում են:;Չեն փոխվում:;Նախ մեծանում են, հետո փոքրանում:;3;
1701;Ո՞ր կետում է ստացվում լույսի կետային աղբյուրի պատկերը հարթ հայելում:;ш:;р:;q:;η:;2;question_images/1701.png
1702;Առարկայի հեռավորությունը հարթ հայելուց d է: Որքա՞ն է առարկայի և պատկերի միջև հեռավորությունը:;l = d:;l = 2d:;l < d:;l > 2d:;2;
1703;Լույսի S կետային աղբյուրի ճառագայթները հարթ հայելուց անդրադառնալով անցնում են A կետով: Ո՞ր կետում կստացվի պատկերը, եթե հայելին տեղափոխենք B կետ:;ա կետում:;բ կետում:;գ կետում:;Պատկերը չի ստացվի, քանի որ աղբյուրը չի հայելու դիմաց չէ:;1;question_images/1703.png
1704;A դիտորդը լույսի S կետային աղբյուրի պատկերները հարթ հայելուց տեսնում է և տեսնում է: Ո՞ր կետում է տեսնում այդ աղբյուրի պատկերները B դիտորդը:;ա կետում:;բ կետում:;գ կետում:;դ կետում:;1;question_images/1704.png
1705;Հարթ հայելում իր պատկերն դիտող աղջիկը մեկ քայլ կատարեց դեպի հայելին: Ինչպե՞ս փոխվեց աղջկա և հայելու միջև հեռավորությունը:;Փոքրացավ մեկ քայլով:;Փոքրացավ երկու քայլով:;Փոքրացավ երեք քայլով:;Չփոխվեց:;2;
1706;Մարմին հարթ հայելուց մոտենում է 2 սմ/վ արագությամբ: Ի՞նչ արագությամբ է մոտենում հայելու իր պատկերին:;1 սմ/վ:;2 սմ/վ:;4 սմ/վ:;Պատկերը չի շարժվում:;3;
1707;Լույսի ճառագայթը α անկյան տակ ընկնում է հարթ փոխադարձահայաց հայելիների անկյունին: Անդրադարձումից հետո ի՞նչ անկյան տակ կընկնի ելնող ճառագայթը:;α:;2α:;90° − α:;45°:;3;question_images/1707.png
1708;S կետային լույսի աղբյուրից ընկնող ճառագայթների անդրադարձումից հետո քանի՞ պատկեր կստացվի փոխադարձահայաց հայելիներում:;1 պատկեր:;2 պատկեր:;3 պատկեր:;4 պատկեր:;3;question_images/1708.png
1709;Լույսի ճառագայթը ընկնում է միմյանց հետ α անկյան տակ գտնվող երկու հայելիների համակարգում: Որքա՞ն է ելնող ճառագայթի և ընկնող ճառագայթի կազմած θ անկյունը:;θ = 2α:;θ = −2α:;θ = 2π − α:;θ = π − 2α:;4;question_images/1709.png
1710;Նկարում պատկերված սարքի ո՞ր մասն է տեղում անշարժ:;Առաջին մասը:;Մասի կեսը:;Մասի 1/4 մասը:;Ընդհանրապես չի շարժվում:;2;question_images/1710.png
1711;Աղջիկը փոքրիկ հայելուն նայելով` տեսնում է իր դեմքի մի մասը: Հնարավո՞ր է արդյոք, որ այդ հայելում նա տեսնի իր ամբողջ դեմքը:;Հնարավոր է, եթե նա հայելին մոտեցնի դեմքին:;Հնարավոր է, եթե նա հայելին հեռացնի դեմքից:;Հնարավոր չէ, որ նա տեսնի իր ամբողջ դեմքը:;Տվյալները բավարար չեն հարցին միանշանակ պատասխանելու համար:;3;
1712;Ինչպիսի՞ ամենափոքր բարձրություն պետք է ունենա հարթ հայելին, որպեսզի մարդը կարողանա տեսնել իր ամբողջ մարմինը:;Մարդու բարձրությանը հավասար:;Մարդու բարձրության 1/2-ին հավասար:;Մարդու բարձրության 1/4-ին հավասար:;Կամայական չափի:;2;
1713;Ի՞նչ է լույսի բեկումը:;Առարկայի պատկերի աղավաղում:;Լույսի էներգիայի կլանում:;Լույսի անկում երկու միջավայրերի բաժանման սահմանին:;Լույսի տարածման ուղղության փոփոխություն երկու միջավայրերի բաժանման սահմանն անցնելիս:;4;
1714;Ո՞րն է բեկման անկյունը:;α-ն:;β-ն:;γ-ն:;δ-ն:;1;question_images/1714.png
1715;Նկարում պատկերված են ընկնող և բեկված ճառագայթները A միջավայրից B միջավայրն անցնելիս: Ո՞րն է այդ միջավայրերի և ոչ բեկ-ման ցուցիչների ճիշտ հարաբերակցությունը:;nang:;п<ng:;n =ng:;Հարաբերակցությունը կախված է անկման անկյունից:;2;question_images/1715.png
1716;Որքա՞ն է բեկման անկյունը, երբ լույսի ճառագայթն ընկնում է երկու միջավայրի բաժանման սահմանին ուղղահայաց:;0°:;90°:;180°:;arcsin:;1;
1717;Ապակի-օդ միջավայրերի բաժանման սահ-մանին ընկնում է լույսի A ճառագայթը: Ո՞րն է բեկված ճառագայթը:;ш:;р:;q:;η:;2;question_images/1717.png
1718;Նկարում պատկերված է լույսի ճառագայթի բեկումը երկու միջավայրերի բաժանման սահմանին: Համեմատեք այդ միջավայրերի բեկման ցուցիչները:;n <n₂:;n₁ > n₂:;n₁ = n:;n₁ >> n₂:;1;question_images/1718.png
1719;Լույսի ճառագայթն a միջավայրից անցնում է b միջավայր: Անկման անկյունը 30° է, բեկման անկյունը` 60°: Որքա՞ն է b և a միջավայրերի բեկման ցուցիչների հարաբերությունը:;0,5:;(sqrt(3))/3:;2:;sqrt(3):;2;
1720;Լույսի ճառագայթն օդից անցնելով ջրի մեջ` բեկվում է: Ինչո՞վ է դա պայմանավորված:;Ջրում լույսի արագությունն ավելի փոքր է, քան օդում:;Ջրում լույսի արագությունն ավելի մեծ է, քան օդում:;Ջրի մոլեկուլները ձգում են ֆոտոնները:;Ջրի մոլեկուլները վանում են ֆոտոնները:;1;
1721;Օգտվելով նկարից` որոշեք B և A միջավայ-րերի բեկման ցուցիչների հարաբերությունը:;0,67:;1,33:;1,5:;2:;3;question_images/1721.png
1722;Նկարում պատկերված է բեկված ճառագայթի ընթացքը երեք տար-բեր միջավայրերում: Ո՞ր միջավայրում է լույսի տարածման արագու-թյունն ավելի մեծ:;I միջավայրում:;II միջավայրում:;III միջավայրում:;Բոլոր միջավայրերում նույնն է:;2;question_images/1722.png
1723;Որքա՞ն է վակուումի բեկման ցուցիչը:;0:;0,1:;1:;∞:;3;
1724;Ի՞նչն է որոշում լույսի լրիվ անդրադարձման սահմանային անկյունը:;α₀ > α:;α₀ ≤ α:;cosα₀ < cosα:;Հնարավոր չէ հարցին միանշանակ պատասխանել:;3;
1725;Սուզորդը ջրի հատակից դիտում է իր գլխավերևում, ջրի մակերևույթից 1 մ բարձրությամբ կախված լուսարձակող լամպը: Ինչպիսի՞ն է լամպի թվացյալ բարձրությունը, ջրի մակերևույթից:;1/4:;Մեծ է 1 մ-ից:;Փոքր է 1 մ-ից:;Հարցի պատասխանը միանշանակ չէ:;2;
1726;Երկու դիտորդ միաժամանակ որոշում են հորիզոնի նկատմամբ Արեգակի բարձրությունը: Դիտորդներից առաջինը լճակի հատակին է, իսկ երկրորդը` ափին: Ո՞ր դիտորդին կթվա, որ հորիզոնի նկատմամբ Արեգակն ավելի բարձր է:;Լճակի հատակի դիտորդին:;Լճակի ափի դիտորդին:;Երկուսի համար էլ նույնը կլինի:;Հարցի պատասխանը միանշանակ չէ:;1;
1727;Ո՞ր դեպքում է հնարավոր լույսի լրիվ անդրադարձումը:;Լույսի՝ օպտիկապես ավելի խիտ միջավայրից նոսր միջավայր անցնելիս։;Լույսի՝ օպտիկապես ավելի նոսր միջավայրից խիտ միջավայր անցնելիս։;Լույսի՝ ցանկացած միջավայրից մեկ այլ միջավայր անցնելիս:;Լույսի՝ մի միջավայրից մյուսին անցնելիս, երբ դրանց բեկման ցուցիչները հավասար են:;1;
1728;Ո՞ր դեպքում է տեղի ունենում լրիվ անդրադարձում, եթե անկման լույսի անկյունը α է, իսկ սահմանային անկյունը α₀ է:;α₀ > α:;α₀ ≤ α:;cosα₀ < cosα:;Հնարավոր չէ հարցին միանշանակ պատասխանել:;2;
1730;Ի՞նչ է նշանակում` առաջին միջավայրից երկրորդն անցնելիս լույսի ճառագայթի բեկման անկյունը մեծ է անկման անկյունից:;Առաջին միջավայրի բեկման ցուցիչը փոքր է երկրորդ միջավայրի բեկման ցուցիչից:;Առաջին միջավայրում լույսի արագությունը փոքր է երկրորդ միջավայրում լույսի արագությունից:;Երկրորդ միջավայրում լույսի արագությունը փոքր է առաջին միջավայրում լույսի արագությունից:;Երկրորդ միջավայրն օպտիկապես ավելի խիտ է:;2;
1731;Ո՞ր դեպքում է հնարավոր լույսի լրիվ անդրադարձում: Օդի բեկման ցուցիչը 1 է, ապակունը՝ 1,6, ջրինը` 1,3:;Լույսի ճառագայթը օդից անցնում է ապակու մեջ:;Լույսի ճառագայթը ջրից անցնում է ապակու մեջ:;Լույսի ճառագայթը ապակուց անցնում է ջրի մեջ:;Լույսի ճառագայթը օդից անցնում է ջրի մեջ:;3;
1732;Ո՞ր դեպքում օդում ապակե ուղղանկյուն հավասարասրուն հատվածակողմի վրա ընկնող լույսի ճառագայթը կշեղվի 90°-ով:;ш:;p:;q:;η:;2;question_images/1723.png
1733;Օդում գտնվող ապակե հատվածակողմի վրա ընկնում է նույն հաճախությամբ իրար զուգահեռ ճառագայթներ: Ինչպիսի՞ն է այդ ճառագայների ընթացքը հատվածակողմից դուրս գալուց հետո:;Տարամիտում են:;Զուգամիտում են:;Զուգահեռ են:;Հարցին միարժեք պատասխանել հնարավոր չէ:;3;
1734;Լույսի երկու զուգահեռ ճառագայթ ջրից դուրս են գալիս օդ: a ճառագայթը անմիջապես դուրս է գալիս օդ, իսկ b ճառագայթը դուրս է գալիս օդ՝ անցնելով ջրի մակերևույթին տեղավորված ապակե հարթ զուգահեռ թիթեղի միջով: Ինչպիսի՞ն է a և b ճառագայթների ընթացքը օդում:;Կմնան իրար զուգահեռ:;Կտարամիտեն:;Կզուգամիտեն:;Կախված է թիթեղի հաստությունից:;1;question_images/1734.png
1735;Ինչպե՞ս է փոխվում լույսի զուգահեռ ճառագայթների փնջի լայնությունը վակուումից ապակու մեջ անցնելիս: Անկման անկյունը զրո չէ:;Չի փոխվում:;Մեծանում է:;Փոքրանում է:;Պատասխանը կախված է ապակու բեկման ցուցիչի արժեքից:;2;
1736;Լույսի ճառագայթը մի միջավայրից մյուսին անցնելիս ե՞րբ չի շեղվում իր սկզբնական ուղղությունից:;Միայն այն դեպքում, երբ այդ միջավայրերի բեկման ցուցիչները հավասար են:;Միայն այն դեպքում, երբ ընկնող ճառագայթն ուղղահայաց է երկու միջավայրերի բաժանման սահմանին:;Այն դեպքում, երբ այդ միջավայրերի բեկման ցուցիչները հավասար են կամ ընկնող ճառագայթն ուղղահայաց է երկու միջավայրերի բաժանման սահմանին:;Ոչ մի դեպքում:;3;
1737;Մութ սենյակում ինչպե՞ս կարելի է շոշափելով որոշել երկու ոսպնյակներից ո՞րն է հավաքող, ո՞րը՝ ցրող:;Հավաքող ոսպնյակը ուռուցիկ է, ցրողը՝ գոգավոր:;Հավաքող ոսպնյակը գոգավոր է, ցրողը՝ ուռուցիկ:;Երկու ոսպնյակներն էլ ուռուցիկ են, սակայն հավաքողն ավելի հաստ է:;Երկու ոսպնյակներն էլ գոգավոր են, սակայն հավաքողն ավելի հաստ է:;1;
1738;Ո՞ր դեպքում է ոսպնյակը համարվում բարակ:;երբ ոսպնյակի հաստությունը փոքր է:;երբ ոսպնյակի հաստությունը փոքր է 1 սմ-ից:;երբ ոսպնյակի հաստությունը կարելի է անտեսել համեմատած ոսպնյակը սահմանափակող գնդային մակերևույթների շառավիղների նկատմամբ:;երբ ոսպնյակի չափերը կարելի է անտեսել:;3;
1739;Ո՞ր կետում է նկարում պատկերված ոսպնյակի կիզակետը:;ш:;p:;q:;η:;3;question_images/1739.png
1740;Ինչպե՞ս կփոխվի ոսպնյակի կիզակետային հեռավորությունը, եթե այն տեղավորենք հեղուկի մեջ, որի բեկման ցուցիչը համընկնում է ոսպնյակի նյութի բեկման ցուցիչի հետ:;Կձգտի անվերջության:;Չի փոխվի:;Կփոքրանա:;Կհավասարվի զրոյի:;1;v
1741;Ո՞ր ոսպնյակն ունի կեղծ կիզակետ:;Ցրող ոսպնյակը։;Հավաքող ոսպնյակը։;Գնդային ոսպնյակը:;Օպտիկական ոսպնյակը:;1;
1742;Որքա՞ն է նկարում պատկերված ոսպնյակի օպտիկական ուժը, եթե յուրաքանչյուր բաժանմանը համապատասխանում է 1 սմ:;50 դպտր:;40 դպտր:;20 դպտր:;10 դպտր:;4;question_images/1742.png
1743;Ո՞ր ճառագայթն է պատկերում AB ճառագայթի ընթացքը բարակ ոսպնյակով անցնելուց հետո:;ш:;р:;q:;η:;2;question_images/1743.png
1744;Ո՞րն է հավաքող բարակ ոսպնյակի կիզակետից դուրս եկող ճառագայթի ճիշտ ընթացքը ոսպնյակն անցնելուց հետո:;ա:;p:;q:;η:;1;question_images/1744.png
1745;Բարակ հավաքող ոսպնյակի վրա ընկնող երկու զուգահեռ ճառագայթներն ու գլխավոր օպտիկական առանցքը գտնվում են միևնույն հարթության մեջ: Կհատվե՞ն արդյոք այդ ճառագայթները ոսպնյակից բեկվելուց հետո:;Այո, կհատվեն:;Ոչ, չեն հատվի:;Կհատվեն միայն այն դեպքում, երբ այդ ճառագայթները զուգահեռ են գլխավոր օպտիկական առանցքին:;Պատասխանը կախված է ոսպնյակի օպտիկական ուժից:;1;
1746;Նկարում պատկերված է լույսի 5 կետային աղբյուրի 5 պատկերը հավաքող բարակ ոսպնյակում: Որքա՞ն է ոսպնյակի կիզակետային հեռավորությունը, եթե մեկ բաժանման արժեքը 1 սմ է:;0,8 սմ:;1,25 սմ:;2,5 սմ:;5 սմ:;2;question_images/1746.png
1747;Լույսի զուգահեռ ճառագայթների փունջն ընկնում է բարակ հավաքող ոսպնյակի վրա: Ո՞ր նկարում է ճիշտ պատկերված ճառագայթների ընթացքը ոսպնյակով անցնելուց հետո:;ш:;p:;q:;η:;2;question_images/1747.png
1748;Առարկան հեռու է հավաքող բարակ ոսպնյակից կրկնակի կիզակետային հեռավորությամբ: Ինչպիսի՞ն է նրա պատկերը ոսպնյակում:;Իրական, փոքրացված, ուղիղ:;Կեղծ, փոքրացված, ուղիղ:;Կեղծ, մեծացված, շրջված:;Իրական, նույն չափերի, շրջված:;4;
1749;Առարկայի հեռավորությունը հավաքող բարակ ոսպնյակից 8 սմ է, իսկ ոսպնյակի կիզակետային հեռավորությունը` 10 սմ: Ինչպիսի՞ն է առարկայի պատկերը ոսպնյակում:;Կեղծ, շրջված և փոքրացված:;Կեղծ, ուղիղ և մեծացված:;Իրական, շրջված և մեծացված:;Իրական, ուղիղ և մեծացված:;2;
1750;Հավաքող բարակ ոսպնյակից ի՞նչ հեռավորությամբ պետք է տեղադրել առարկան, որպեսզի նրա պատկերը լինի կեղծ:;Կիզակետային հեռավորությունից մեծ հեռավորությամբ:;Կիզակետային հեռավորությունից փոքր հեռավորությամբ:;Ցանկացած հեռավորությամբ պատկերը կլինի իրական:;Ցանկացած հեռավորությամբ պատկերը կլինի կեղծ:;2;
1751;Նկարում պատկերված են հավաքող բարակ ոսպնյակը, նրա գլխավոր օպտիկական առանցքը և կիզակետերը: Ո՞ր տիրույթում է ստացվում AB առարկայի պատկերը:;ա տիրույթում:;բ տիրույթում:;գ տիրույթում:;դ տիրույթում:;3;question_images/1751.png
1752;Ինչպիսի՞ն է AB առարկայի պատկերը հավաքող բարակ ոսպնյակում:;Իրական, մեծացված, շրջված:;Իրական, փոքրացված, շրջված:;Կեղծ, մեծացված, ուղիղ:;Կեղծ, փոքրացված, ուղիղ:;1;question_images/1752.png
1753;Ինչպիսի՞ն է AB առարկայի պատկերը հավաքող բարակ ոսպնյակում:;Իրական, մեծացված, շրջված:;Իրական, փոքրացված, շրջված:;Կեղծ, մեծացված, ուղիղ:;Կեղծ, փոքրացված, ուղիղ:;2;question_images/1753.png
1754;Առարկան բարակ ոսպնյակի կիզակետից շարժվում է դեպի կրկնակի կիզակետը: Ինչպե՞ս է շարժվում այդ դեպքում առարկայի պատկերը:;Հեռանում է կիզակետից:;Հեռանում է ոսպնյակից:;Մոտենում է կրկնակի կիզակետին:;Հեռանում է կրկնակի կիզակետից:;1;question_images/1754.png
1755;Որքա՞ն է առարկայի պատկերի մեծացման գործակիցը հավաքող բարակ ոսպնյակում, եթե առարկայի հեռավորությունը ոսպնյակից d է, իսկ ոսպնյակի կիզակետային հեռավորությունը F:;|d − F| / dF; (d + F) / dF; |dF| / (d − F); dF / (d + F);3;
1756;Շարժման ընթացքում d երկարությամբ ուղիղ թելը գծահեռ է հավասարաչափ շարժվող մարմնի հետագծին, որի հեռավորությունը թելից a է: Նույնպիսի b հեռավորությամբ երկրորդ ուղիղ թելը անցնում է առաջինին զուգահեռ: Որքա՞ն է պատկերների երկարությունը:;d a / b; d b / a; d a / (a + b); d b / (a + b);4;question_images/1756.png
1757;Նկարում պատկերված է հավաքող բարակ ոսպնյակում առարկայի AլBլ պատկերի դիրքը: Ո՞րն է ոսպնյակից առարկայի d հեռավորության ճիշտ առնչությունը:;d = F; d = 2F; d < F; F < d < 2F;4;question_images/1757.png
1758;Ինչպիսի՞ ոսպնյակով է հնարավոր ստանալ առարկայի իրական, փոքրացված և շրջված պատկերը:;Միայն հավաքող ոսպնյակով; Ցրող կամ հավաքող ոսպնյակներով; Միայն ցրող ոսպնյակով; Ոսպնյակով նման պատկեր հնարավոր չէ ստանալ;1;
1759;Որքա՞ն է նկարում պատկերված AB առարկայի պատկերի երկարությունը հավաքող բարակ ոսպնյակում:;0,5F; F; 1,5F; 2F;?;question_images/1759.png
1760;Զուգահեռ ճառագայթներն անցնելով երկու հավաքող բարակ ոսպնյակներով, մնում են իրար զուգահեռ: Ինչպե՞ս են դասավորված այդ ոսպնյակները:;Կիպ հպված են միմյանց:;Առաջին ոսպնյակի հետևի կիզակետային հարթությունը համընկնում է երկրորդ ոսպնյակի առջևի կիզակետային հարթությանը:;Ոսպնյակների միջև հեռավորությունը շատ մեծ է կիզակետային հեռավորությունների գումարից:;Հնարավոր է միայն այն դեպքում, երբ ոսպնյակների կիզակետային հեռավորությունները հավասար են:;2;
1761;Ինչպիսի՞ ոսպնյակներում հնարավոր է ստանալ առարկայի կեղծ պատկեր:;Միայն հավաքող:;Հավաքող և ցրող:;Միայն ցրող:;Ոսպնյակով կեղծ պատկեր հնարավոր չէ ստանալ:;2;
1762;Ցրող բարակ ոսպնյակի I գծային խոշորացումը ինչպիսի՞ արժեքներ կարող է ընդունել:;Gamma > 1 :;Gamma = 1 :;Gamma < 1 :;Γ >> 1:;3;
1763;Ո՞ր ճառագայթն է ճիշտ պատկերում AB ճառագայթի ընթացքը բարակ ոսպնյակով անցնելուց հետո:;ш:;p:;q:;η:;2;question_images/1763.png
1764;Ցրող բարակ ոսպնյակի վրա ընկնում են երկու զուգահեռ ճառագայթներ: M ճառագայթի ընթացքը ոսպնյակն անցնելուց հետո նշված է նկարում: Ի՞նչ ուղղությամբ կգնա N ճառագայթը ոսպնյակն անցնելուց հետո.;ш:;p:;q:;η:;1;question_images/1764.png
1765;Բարակ ոսպնյակի 1/F = 1/f + 1/d բանաձևում f-ը հաշվելիս ստացվում է բացասական արժեք: Ի՞նչ է դա նշանակում:;Պատկերը կեղծ է:;Ոսպնյակը ցրող է:;Պատկերը փոքրացված է:;Հաշվարկը սխալ է:;1;
1766;Կարելի՞ է արդյոք ցրող բարակ ոսպնյակով ստանալ առարկայի մեծացված պատկերը:;Հնարավոր չէ:;Կարելի է, եթե այն տեղադրվի ոսպնյալի և կիզակետի միջև:;Կարելի է, եթե այն տեղադրվի կիզակետային հեռավորությունից մեծ հեռավորության վրա:;Կարելի է, եթե այն տեղադրվի կիզակետում:;1;
1767;Նկարում պատկերված ցրող բարակ ոսպնյակի կիզակետային հեռավորությունը F է, իսկ հավաքող ոսպնյակինը` Fշ: Ինչպիսի՞ն կլինի AB առարկայի պատկերը ոսպնյակների համակարգում:;Կեղծ, շրջված:;Կեղծ, ուղիղ:;Իրական, շրջված:;Իրական, ուղիղ:;3;question_images/1767.png
1768;Նկարում պատկերված են AB առարկան և նրա A, B պատկերը հավաքող բարակ ոսպնյակում: Որտե՞ղ է գտնվում ոսպնյակի օպտիկական կենտրոնը:;BA գծի վրա:;AA և BB գծերի հատման կետում:;AB և AB գծերի շարունակությունների հատման կետում:;AB գծի վրա:;2;question_images/1768.png
1769;Եթե բարակ ոսպնյակում առարկայի հեռավորությունը m անգամ մեծ է ոսպնյակի կիզակետային հեռավորությունից: Որքա՞ն է պատկերի խոշորացումը այդ դեպքում:;m;1/(m+1);m+1;(m−1)/m;2;
1770;Ստորև թվարկված էլեկտրամագնիսական ճառագայթումները դասավորեք ըստ ալիքի երկարության նվազման.;2, 3, 1, 4, 5:;5, 4, 3, 1, 2:;2, 1, 3, 4, 5:;5, 1, 4, 3, 2:;1;
1771;Լույսն օդից անցնում է ո բեկման ցուցիչ ունեցող միջավայր: Ո՞ր պնդումն է ճիշտ:;Լույսի ալիքի երկարությունը և արագությունը փոքրանում են ո անգամ:;Լույսի ալիքի երկարությունը և արագությունը մեծանում են n անգամ։;Լույսի ալիքի երկարությունը չի փոխվում, արագությունը փոքրանում է n անգամ։;Լույսի ալիքի երկարությունը չի փոխվում, արագությունը մեծանում է ո անգամ։;3;
1773;Լույսի ալիքի երկարությունը n բեկման ցուցիչ ունեցող միջավայրում λ է: Որքա՞ն է այս ալիքի երկարությունը վակուումում:;λ:;nλ:;λ/n:;n/λ:;2;
1774;Ո՞ր պնդումն է ճիշտ արտահայտում դիսպերսիայի երևույթի էությունը:;Սիայն ա -ն:;Սիայն բ -ն:;Ե՛վ ա -ն, և՛ բ -ն:;Ո՛չ ա -ն, ո՛չ բ -ն:;3;
1775;Բյուրեղապակու կտորներից հավաքված էլեկտրական ջահը լուսարձակվում է սպեկտրի տարբեր գույներով: Ֆիզիկական ո՞ր երևույթով է դա պայմանավորված:;Լույսի ինտերֆերենցով:;Լույսի դիֆրակցիայով:;Լույսի դիսպերսիայով:;Լույսի բևեռացմամբ:;3;
1776;Ո՞ր գույնի լույսի ճառագայթն է օդում ապակե հատվածակողմով անցնելիս բոլորից քիչ շեղվում:;Կանաչ:;Կապույտ:;Մանուշակագույն:;Կարմիր:;4;
1777;Ո՞ր գույնի լույսի համար է ապակու բեկման ցուցիչն ամենամեծը:;Կանաչ:;Մանուշակագույն:;Կապույտ:;Կարմիր:;2;
1778;Լույսի փունջն անցնելով ապակե հատվածակողմով՝ էկրանին առաջացնում է սպեկտր: Ո՞րն է սպեկտրում գույների ճիշտ հերթագայությունը:;Նարնջագույն, կանաչ, երկնագույն, կապույտ:;Կապույտ, երկնագույն, կանաչ, մանուշակագույն:;Նարնջագույն, դեղին, կանաչ, երկնագույն:;Դեղին, նարնջագույն, կանաչ, կապույտ:;1;
1779;Արեգակի ճառագայթները ջրի կաթիլների վրա ընկնելիս առաջացնում են ծիածան: Դա բացատրվում է նրանով, որ սպիտակ լույսը կազմված է տարբեր ալիքի երկարությամբ էլեկտրամագնիսական ալիքներից, որոնք ջրի կաթիլներից տարբեր կերպ են;կլանվում:;անդրադառնում:;բեկվում:;բևեռանում:;3;
1780;Ինչո՞ւ է թուղթը սպիտակ:;Այն լավ անդրադարձնում է բոլոր գույներին համապատասխանող լուսային ալիքները:;Այն կլանում է բոլոր գույներին համապատասխանող լուսային ալիքները:;Այն բեկում է բոլոր գույներին համապատասխանող լուսային ալիքները:;Այն կլանում է միայն մեծ հաճախությամբ լուսային ալիքները:;1;
1781;Ի՞նչ գույնի կերևա կարմիր մեխակը, եթե այն դիտենք կապույտ ապակու միջով:;Կանաչ:;Մանուշակագույն:;Մոխրագույն:;Սև:;4;
1782;Կարմիր գույնի ալիքի երկարությունը ջրում հավասար է կանաչ գույնի ալիքի երկարությանը օդում: Ի՞նչ գույնի լույս կտեսնի մարդը ջրի մեջ, եթե ջուրը լուսավորենք կարմիր գույնի լույսով:;Կանաչ:;Կարմիր:;Սպիտակ:;Կախված է ջրի բեկման ցուցիչից:;2;
1783;Արեգակի ճառագայթները ոսպնյակով հավաքելիս, որ գույնի (կարմիր, կանաչ, սև) թուղթն ավելի շուտ կայրվի:;Կարմիր:;Կանաչ:;Սև:;Բոլորն էլ միաժամանակ:;3;
1784;Ո՞ր երևույթն է ապացուցում լույսի ալիքային բնույթը:;Լույսի բեկումը:;Լույսի ուղղագիծ տարածումը:;Լույսի անդրադարձումը:;Լույսի ինտերֆերենցը:;4;
1785;Ո՞րն է նախադասության ճիշտ շարունակությունը: Կոհերենտ ալիքների վերադրումը, որի հետևանքով տարածության մեջ առաջանում է արդյունարար տատանումների լայնույթի ժամանակի ընթացքում անփոփոխ բաշխում, կոչվում է;ինտերֆերենց:;դիսպերսիա:;դիֆրակցիա:;բևեռացում:;1;
1786;Բենզինի բարակ թաղանթով պատված ջրի մակերևույթին առաջանում են ծիածանի գունավորումներ: Ֆիզիկական ո՞ր երևույթով է դա պայմանավորված:;Լույսի դիսպերսիայով:;Լույսի դիֆրակցիայով:;Լույսի բևեռացմամբ:;Լույսի ինտերֆերենցով:;4;
1787;Ո՞ր երևույթն է բացատրվում լույսի ինտերֆերենցով:;Սպիտակ լույսի տարալուծումը հատվածակողմով անցնելիս:;Բարակ թաղանթների գունավորումը:;Լուսային ճառագայթների շեղումը երկրաչափական ստվերի տիրույթ:;Լուսավոր կետի հայտնվելը փոքրիկ, անթափանց սկավառակի ստվերի կենտրոնում:;2;
1788;Երկու կոհերենտ ալիքների ընթացքի տարբերությունը տվյալ կետում հավասար է կենտ թվով կես ալիքի: Որքա՞ն է արդյունարար տատանումների A լայնույթն այդ կետում, եթե յուրաքանչյուր ալիքի տատանումների լայնույթն a է:;A = 0:;A = a:;A = 2a:;a < A < 2a:;1;
1789;Լույսի երկու աղբյուրներ առաքում են միևնույն սկզբնական փուլերով 5·10^14 Հց հաճախությամբ ալիքներ: Տարածության տվյալ կետում այդ ալիքների ընթացքի ի՞նչ նվազագույն տարբերության դեպքում կդիտվի ինտերֆերենցային մինիմում:;0,9 մկմ:;0,3 մկմ:;0,6 մկմ:;0:;2;
1790;6·10^-7 մ ալիքի երկարությամբ երկու կոհերենտ ալիքների ինտերֆերենցի հետևանքով կուժեղանա՞, թե՞ կթուլանա լույսի ինտենսիվությունը տարածության այն կետում, որտեղ ալիքների ընթացքի տարբերությունը 2,4 մկմ է։;Կթուլանա, քանի որ ընթացքի տարբերությունը հավասար է զույգ թվով կիսաալիքի երկարության:;Կթուլանա, քանի որ ընթացքի տարբերությունը հավասար է կենտ թվով կիսաալիքի երկարության:;Կուժեղանա, քանի որ ընթացքի տարբերությունը հավասար է զույգ թվով կիսաալիքի երկարության:;Կուժեղանա, քանի որ ընթացքի տարբերությունը հավասար է կենտ թվով կիսաալիքի երկարության:;3;
1791;Ինչո՞ւ դասասենյակը լուսավորող լամպի լույսից ինտերֆերենց չի դիտվում:;Լամպի հզորությունը բավարար չէ:;Լամպի հեռավորությունը մեծ է:;Լամպի առաքած լուսային ալիքները կոհերենտ չեն:;Լամպի ապակին ցրում է լույսը:;3;
1792;Ո՞ր պնդումն է ճիշտ: ա. Կայուն ինտերֆերենցային պատկեր կարելի է ստանալ, եթե լույսի վերադրվող ալիքները կոհերենտ են: բ. Ինտերֆերենցիայի ժամանակ տարածության տվյալ կետում լուսային ալիքների փոխադարձ մարումը նշանակում է, որ այդտեղ լուսային էներգիան փոխակերպվել է էներգիայի այլ տեսակի:;Միայն ա-ն:;Միայն բ-ն:;Ե՛վ ա-ն, և՛ բ-ն:;Ո՛չ ա-ն, ո՛չ բ-ն:;1;
1793;Ո՞ր երևույթն է կոչվում դիֆրակցիա:;Երկու ալիքների վերադրման երևույթը:;Ալիքի արգելքները շրջանցելու երևույթը:;Սպիտակ լույսի տարալուծումը տարբեր գույնի լույսերի:;Բարակ թաղանթների գունավորման երևույթը:;2;
1794;Ո՞ր երևույթը հնարավոր չէ բացատրել երկրաչափական օպտիկայի օրենքներով:;Լույսի անդրադարձումը:;Լույսի բեկումը:;Լույսի դիֆրակցիան:;Ստվերի առաջացումը:;3;
1795;Անթափանց սկավառակը լուսավորելիս նրա ստվերի կենտրոնում առաջացավ լուսավոր կետ: Ո՞ր օրենքներով է բացատրվում այդ փաստը. ա. երկրաչափական օպտիկայի օրենքներով, բ. ալիքային օպտիկայի օրենքներով:;Միայն ա:;Միայն բ:;Ե՛վ ա, և՛ բ:;Ո՛չ ա, ո՛չ բ:;2;
1796;Ինչո՞ւ ռադիոալիքները շրջանցում են շինությունները, իսկ լույսի ալիքները ոչ:;Լույսի ալիքի երկարությունը շատ փոքր է շինությունների չափերից:;Լույսի ալիքի երկարությունը շատ մեծ է շինությունների չափերից:;Ռադիոալիքների հաճախությունը շատ անգամ մեծ է լույսի ալիքների հաճախությունից:;Լույսի ալիքները էլեկտրամագնիսական ալիքներ չեն:;1;
1797;Դիֆրակցիոն ցանցի հարակից շերտերի լայնությունը a է, իսկ անցքերի լայնությունը b: Որքա՞ն է ցանցի d պարբերությունը:;d = 1/2 (a + b);d = 1/2 (a − b);d = a + b;d = a − b;3;
1798;Երկարությունը d պարամետրով ուղղանկյուն գծի վրա ուղղահայաց է L երկարությունը: Միացման երկու վերջնակետերի միջև հեռավորությունը կազմում է գծի վրա ստացված է կետից a հեռավորությունը: Որքա՞ն է այդ երկարությունը:;da / L;dL / sqrt(L^2 + a^2);d sqrt(L^2 + a^2) / L;da / sqrt(L^2 + a^2);3;question_images/1798.png
1799;Լազերի կանաչ ճառագայթը դիֆրակտային ցանցի վրա ուղղահայաց ընկնելիս ցանցի հետևում տեղադրված էկրանին դիտվում է դիֆրակտային պատկեր: Ինչպե՞ս կփոխվի պատկերը, եթե ցանցի վրա ընկնի լազերի կարմիր ճառագայթ:;B կետի մաքսիմումը կմնա իր տեղում, իսկ մնացած մաքսիմումները կհեռանան նրանից:;B կետի մաքսիմումը կմնա իր տեղում, մնացած մաքսիմումները կմոտենան նրան:;B կետի մաքսիմումը կվերանա, իսկ մնացած մաքսիմումները կմնան իրենց տեղերում:;Պատկերը չի փոխվի:;1;question_images/1799.png
1800;Երկայնակա՞ն, թե՞ լայնական է լուսային ալիքը:;Լայնական է:;Երկայնական է:;Հնարավոր է լինի երկայնական կամ լայնական:;Ո՛չ երկայնական է, ո՛չ լայնական:;1;
1801;Ո՞րն է նախադասության ճիշտ շարունակությունը: Լույսի բևեռացումն ապացուցում է, որ`;լույսը լայնական ալիք է:;լույսն էլեկտրականապես չեզոք մասնիկների հոսք է:;լույսը երկայնական ալիք է:;լույսը լիցքավորված մասնիկների հոսք է:;1;
1802;Ինչո՞ւ Արեգակի կամ էլեկտրական լամպի արձակած լույսը բևեռացած չէ։;Այն ֆոտոնների հոսք է:;Այն տարբեր հաճախությամբ լուսային ալիքների միավորում է:;Այն լայնական ալիք է:;Այն բևեռացման բոլոր հնարավոր ուղղություններով ալիքների համախումբ է:;4;
1803;Ո՞ր օպտիկական սարքի օգնությամբ է հնարավոր բնական լույսից ստանալ բևեռացած լույս:;Ապակե հատվածակողմի:;Ոսպնյակի:;Բևեռացուցչի:;Դիֆրակտային ցանցի:;3;
1804;Գիտության մեջ ո՞ր պնդումն է համարվում ճիշտ:;Այն, որը հայտնի է բոլորին:;Այն, որը տպագրված է:;Այն, որն ընդունում են հեղինակավոր գիտնականները:;Այն, որը տարբեր գիտնականներ բազմիցս ստուգել են փորձով:;4;
1805;Ո՞րն պնդումն է հակասում հարաբերականության հատուկ տեսության կանխադրույթներին:;Հաշվարկման բոլոր իներցիալ համակարգերում բնության կամայական երևույթ ընթանում է նույն ձևով:;Վակուումում լույսի տարածման արագությունը կամայական իներցիալ համակարգում ունի նույն արժեքը:;Վակուումում լույսի տարածման արագությունը կախված չէ լույսի աղբյուրի շարժման արագությունից:;Հաշվարկման բոլոր համակարգերում բնության կամայական երևույթ ընթանում է նույն ձևով:;4;
1806;Համաձայն հարաբերականության հատուկ տեսության` ստորև նշված ո՞ր պնդում է ճիշտ:;ա պնդումը:;բ պնդումը:;Երկու պնդումներն էլ ճիշտ են:;Երկու պնդումներն էլ սխալ են:;2;
1807;Հաշվարկման համակարգի ընտրությունից կախվա՞ծ է արդյոք ա. մարմնի արագությունը, բ. լույսի արագությունը:;Լույսի արագությունը կախված է, մարմնի արագությունը` ոչ:;Մարմնի արագությունը կախված է, լույսի արագությունը` ոչ:;Երկուսն էլ կախված են:;Երկուսն էլ կախված չեն:;2;
1808;Երկիրը v արագությամբ մոտեցող հրթիռից լույս է արձակում: Որքա՞ն է այդ լույսի արագությունը Երկրի նկատմամբ:;c;v;c + v;sqrt(c^2 + v^2);1;
1809;Լույսի աղբյուր ունեցող ուղղահայաց ընկողն է հայելու մակերևույթին: Հայելին ուղղահայաց շարժվում է հաստատուն v արագությամբ: Որքա՞ն է անդրադարձված լույսի արագությունը հայելու հետ կապված հաշվարկման համակարգում:;c − v;c + v;c;c sqrt(1 − v^2 / c^2);3;question_images/1809.png
1810;Ձողի երկարությունը նրա հետ կապված հաշվարկման համակարգում l0 է: Որքա՞ն կլինի նրա երկարությունը հաշվարկման այն համակարգում, որի նկատմամբ ձողը շարժվում է իր երկայնքով ուղղված v արագությամբ:;l = l0;l = l0 / sqrt(1 − v^2 / c^2);l = l0 sqrt(1 − v^2 / c^2);l = l0 sqrt(1 + v^2 / c^2);3;
1811;Ի՞նչ արագությամբ պետք է շարժվի մարմինը, որպեսզի շարժման ուղղությամբ նրա չափերը փոքրանան 2 անգամ։;c/2:;√2/2·c:;√3/2·c:;c:;3;
1812;Քանոնը սկսում է իր երկայնքով ուղղված արագությամբ շարժվել լույսի արագությանը մոտ արագությամբ: Կփոխվե՞ն արդյոք այդ դեպքում քանոնի` ա. չափերը, բ. ծավալը, գ. նրա մեջ պարունակվող ատոմների թիվը:;ոչ մեկն էլ չի փոխվի:;բոլորն էլ փոխվեն:;ա-ն և բ-ն փոխվեն, իսկ գ-ն` ոչ:;ա-ն կփոխվի, իսկ բ-ն և գ-ն` ոչ:;3;
1813;Ի՞նչ արագությամբ պետք է շարժվի համակարգը, որպեսզի ժամանակի դանդաղման գործակիցը այդ համակարգում շարժվող ժամացույցի նկատմամբ լինի կրկնակի; c/2; (sqrt(2)/2)c; (sqrt(3)/2)c; c;3;
1814;Ո՞րն է զանգվածի և էներգիայի կապը արտահայտող բանաձևը ըստ հարաբերականության հատուկ տեսության; E = mc^2 + mv^2/2; E = mc^2/2; E = mc^2 / sqrt(1 - v^2 / c^2); E = hv;3;
1815;Ի՞նչ արագության դեպքում է մասնիկի կինետիկ էներգիան հավասար նրա հանգստի էներգիայի 2/3-ին:;0,8c:;c:;0,6c:;0,4c:;1;
1816;Ի՞նչ արագության դեպքում էլեկտրոնի լրիվ էներգիան կրկնակի մեծ է նրա հանգստի էներգիայից; c/2; (sqrt(2)/2)c; (sqrt(3)/2)c; 0;3;
1817;Մասնիկի լրիվ էներգիան քանի՞ անգամ է մեծ նրա կինետիկ էներգիայից, եթե նրա արագությունը համապատասխանում է վակուումում լույսի արագության 60 %-ին:;2:;3:;4:;5:;4;
1818;Ո՞ր բանաձևն է արտահայտում Այնշտայնի ստացած E էներգիայի և մարմնի զանգվածի Δm փոփոխության կապը;E = Δmv^2 / 2;E = Δmc;E = Δmc^2;E = Δm / c^2;3;
1819;Որքա՞ն է էլեկտրոնի արագության կախվածությունը նրա էներգիայից, եթե էլեկտրոնի հանգստի զանգվածը m_e է, իսկ էներգիան՝ E;sqrt((E^2 - m_e^2 c^4) / E^2);sqrt(2E / (m_e c^2));sqrt((2E - m_e c^2) / (m_e c));sqrt((E^2 + m_e^2 c^4) / E^2);1;
1928;Ո՞ր երևույթն է հաստատում լույսի մասնիկային բնույթը:;Ինտերֆերենցը:;Դիֆրակցիան:;Բևեռացումը:;Ֆոտոէֆեկտը:;4;
1929;Որքա՞ն է լույսի հաճախությունը, եթե ֆոտոնի էներգիան E է:;Eh:;E / C^2:;E / C:;E / h:;4;
1930;Ո՞րն է ալիքի λ երկարությամբ ֆոտոնի էներգիայի ճիշտ բանաձևը;hλ;h/λ;hc/λ^2;hc/λ;4;
1931;Որքա՞ն է E էներգիայով ֆոտոնի ալիքի երկարությունը:;hc / E:;E / C:;E / C^2:;E / h:;1;
1932;Ո՞րն է ֆոտոնի էներգիայի` ալիքի երկարությունից կախումն արտահայտող գրաֆիկը:;ш:;p:;q:;η:;2;question_images/1932.png
1933;Ո՞րն է gsn հաճախությամբ ֆոտոնի իմպուլսի ճիշտ բանաձևը:;hgsn:;hgsn / c:;hgsn / C^2:;hc / gsn:;2;
1934;Ֆոտոնի իմպուլսը p է: Որքա՞ն է նրա էներգիան:;E = pc:;E = P / C:;E = P / C²:;E = pC²:;1;
1935;Որքա՞ն է ֆոտոնի իմպուլսը λ ալիքի երկարության դեպքում;hc/λ;h/λ;c/λ;λ/c;2;
1936;Որքա՞ն է ատոմի իմպուլսի փոփոխությունը ֆոտոնի կլանման և արտանետման ժամանակ;Երկու դեպքում էլ h/λ;Երկու դեպքում էլ 2h/λ;Կլանման դեպքում h/λ, արտանետման դեպքում 2h/λ;Կլանման դեպքում 2h/λ, արտանետման դեպքում h/λ;2;
1937;Լազերի λ ալիքի երկարությամբ ճառագայթման հզորությունը P է։ Քանի՞ ֆոտոն է արտանետում լազերը միավոր ժամանակահատվածում;P/λ;Pλ/c;Pc/(hλ);Pλ/(hc);3;
1938;Մեներանգ լույսի աղբյուրը 1 վայրկյանում առաքում է N ֆոտոն: Որքա՞ն է աղբյուրի ճառագայթման ալիքի երկարությունը, եթե օգտակար հզորությունը P է:;hc / PN:;hcN / P:;hcP / N:;PN / hc:;2;
1939;Որոշակի ժամանակամիջոցում m զանգվածով սև մարմինը կլանում է gsn հաճախությամբ մեներանգ լույսի N ֆոտոն: Քանի՞ աստիճանով կմեծանա մարմնի ջերմաստիճանն այդ ընթացքում, եթե նրա տեսակարար ջերմունակությունը c է:;hgsn / mc²:;Nhgsn / mc:;Nmc / hgsn:;hgsn / mc:;2;
1940;Ո՞րն է նախադասության ճիշտ շարունակությունը։ Ուսումնասիրելով ֆոտոէֆեկտի երևույթը` Ստոլետովը հայտնաբերեց, որ`;ատոմը կազմված է միջուկից, որի շուրջը պտտվում են էլեկտրոնները:;ատոմը կլանում է միայն որոշակի հաճախության լույս:;ֆոտոհոսանք առաջանում է լույսի որոշակի հաճախությունից փոքր հաճախությունների դեպում:;հագեցման ֆոտոհոսանքի ուժն ուղիղ համեմատական է լույսի ուժգնությանը:;4;
1941;Երկու միատեսակ թիթեղներից առաջինը լիցքավորված է դրական լիցքով, իսկ երկրորդը` բացասական: Անդրմանուշակագույն ճառագայթների ազդեցությամբ թիթեղներից ո՞րն ավելի շուտ կլիցքաթափվի:;Առաջինը:;Երկրորդը:;Երկուսն էլ` միաժամանակ:;Երկուսն էլ չեն լիցքաթափվի:;2;
1942;Ո՞րն է Այնշտայնի բանաձևը ֆոտոէֆեկտի համար:;A = hν + mv²/2;mv²/2 = A + hν;A = hν - mv²/2;hν = mv²/2 - A;3;
1943;Ո՞ր արտահայտությամբ կարելի է որոշել ֆոտոէլեկտրոնների առավելագույն արագությունը (U -ն կասեցնող լարումն է):;√(2eU/m);√(2eUm);√(m/2eU);√(eUm/2);1;
1944;Ինչի՞ց է կախված լույսի ազդեցությամբ մետաղից պոկված էլեկտրոնի կինետիկ էներգիան:;Միայն լույսի ուժգնությունից:;Միայն լույսի հաճախությունից:;Միայն մետաղի ելքի աշխատանքից:;Մետաղի ելքի աշխատանքից և լույսի հաճախությունից:;4;
1945;Ո՞ր մեծությունից կախված չէ ֆոտոէլեկտրոնի արագությունը:;Լույսի հաճախությունից:;Լույսի ուժգնությունից:;Լույսի ալիքի երկարությունից:;Մետաղի ելքի աշխատանքից:;2;
1946;Ո՞ր գրաֆիկն է ճիշտ արտահայտում լույսի ազդեցությամբ մետաղից պոկված էլեկտրոնների առավելագույն կինետիկ էներգիայի կախումը ընկնող լույսի ուժգնությունից:;1;2;3;4;1;1946.png
1947;Մետաղե թիթեղը հերթով լուսավորում են կարմիր, կանաչ և մանուշակագույն լույսով: Բոլոր դեպքերում դիտվում է ֆոտոէֆեկտ: Ո՞ր դեպքում մետաղից պոկված էլեկտրոնների միջին կինետիկ էներգիան կլինի ավելի մեծ:;Կարմիր լույսով լուսավորելիս:;Կանաչ լույսով լուսավորելիս:;Մանուշակագույն լույսով լուսավորելիս:;Բոլոր դեպքերում նույնը կլինի:;3;
1948;Ինչի՞ց է կախված լույսի ազդեցությամբ մետաղից պոկվող էլեկտրոնների ելքի աշխատանքը:;Ընկնող լույսի հաճախությունից:;Ընկնող լույսի ուժգնությունից:;Պոկված էլեկտրոնների կինետիկ էներգիայից:;Մետաղի տեսակից:;4;
1949;A ելքի աշխատանքով մետաղի մակերևույթը լուսավորում են ν հաճախությամբ մեներանգ լույսով: Ի՞նչ է որոշում hν - A արտահայտությունը:;Ֆոտոէֆեկտի կարմիր սահմանը:;Ֆոտոէլեկտրոնների առավելագույն կինետիկ էներգիան:;Ֆոտոէլեկտրոնների առավելագույն արագությունը:;Ֆոտոէֆեկտի կասեցնող լարումը:;2;
1950;Ո՞րն է նախադասության ճիշտ շարունակությունը: Ֆոտոէֆեկտի ժամանակ միավոր ժամանակում մետաղից պոկված էլեկտրոնների թիվը կախված չէ`;ա. ընկնող լույսի հաճախությունից:;բ. ընկնող լույսի ուժգնությունից:;գ. ելքի աշխատանքից:;ա-ն և բ-ն:;4;
1951;Ո՞րն է նախադասության ճիշտ շարունակությունը: Ֆոտոէֆեկտը կարող է ընդհատվել, եթե`;լույսի աղբյուրի և մետաղի հեռավորությունը մեծացնենք:;լույսի աղբյուրի և մետաղի հեռավորությունը փոքրացնենք:;ընկնող լույսի հաճախությունը մեծացնենք:;ընկնող լույսի հաճախությունը փոքրացնենք:;4;
1952;Ո՞րն է նախադասության ճիշտ շարունակությունը: Ընկնող լույսի ուժգնությունը փոքրացնելիս հագեցման հոսանքի ուժը…;մեծանում է:;փոքրանում է:;չի փոխվում:;կախված ելքի աշխատանքից` կարող է մեծանալ կամ փոքրանալ:;2;
1953;Նկարում պատկերված են I ֆոտոհոսանքի ուժի U լարումից կախումն արտահայտող գրաֆիկներ` լույսի ալիքի տարբեր երկարությունների համար: Ո՞ր գրաֆիկն է համապատասխանում ալիքի ամենամեծ երկարությանը:;1;2;3;4;3;question_images/1953.png
1954;Ինչի՞ց է կախված ֆոտոէֆեկտի կասեցնող լարման արժեքը:;Միայն ելքի աշխատանքից:;Միայն ընկնող լույսի հաճախությունից:;Ելքի աշխատանքից և ընկնող լույսի հաճախությունից:;Ելքի աշխատանքից և էլեկտրոդների միջև հեռավորությունից:;3;
1955;Ֆոտոկատոդի և անոդի միջև կիրառվում է այնպիսի կասեցնող լարում, որ ամենամեծ արագություն ունեցող ֆոտոէլեկտրոնները հասնում են կատոդի և անոդի միջնակետը: Այդ էլեկտրոնները կհասնե՞ն անոդին, եթե նրանց միջև եղած հեռավորությունը փոքրացնենք երկու անգամ` կասեցնող լարումը պահելով նույնը:;Կհասնեն:;Կհասնեն այդ նոր հեռավորության միջնակետը:;Կհասնեն այդ նոր հեռավորության քառորդ մասը:;Չի կարելի միարժեք պատասխանել:;1;
1956;Ո՞ր գրաֆիկն է արտահայտում ֆոտոէֆեկտի ժամանակ մետաղից դուրս թռած էլեկտրոնի առավելագույն կինետիկ էներգիայի կախումն ընկնող լույսի ν հաճախությունից:;1;2;3;4;4;question_images/1956.png
1957;Ինչպե՞ս կփոխվի մետաղի ելքի աշխատանքը, եթե ընկնող լույսի հաճախությունը մեծացնենք 2 անգամ:;Կմեծանա 2 անգամ:;Կփոքրանա 2 անգամ:;Չի փոխվի:;Կմեծանա 4 անգամ:;3;
1958;Ինչպե՞ս է փոխվում ֆոտոէլեկտրոնների առավելագույն կինետիկ էներգիան ընկնող լույսի հաճախությունը 2 անգամ մեծացնելիս:;Չի փոխվում:;Մեծանում է 2 անգամ:;Մեծանում է ավելի քան 2 անգամ:;Փոքրանում է 2 անգամ:;3;
1959;Ինչպե՞ս է փոխվում ֆոտոէլեկտրոնների արագությունը լույսի ուժգնությունը մեծացնելիս:;Չի փոխվում:;Մեծանում է:;Կմեծանա կամ կփոքրանա:;Փոքրանում է:;1;
1960;Ինչպե՞ս կփոխվի ֆոտոէֆեկտի կարմիր սահմանը, եթե ընկնող լույսի հաճախությունը մեծացվի երկու անգամ:;Կմեծանա 2 անգամ:;Կփոքրանա 2 անգամ:;Չի փոխվի:;Կփոքրանա 4 անգամ:;3;
1961;Լույսի ν հաճախության դեպքում ֆոտոէլեկտրոնի առավելագույն կինետիկ էներգիան 2 անգամ մեծ է ելքի աշխատանքից: Քանի՞ անգամ կմեծանա ֆոտոէլեկտրոնի կինետիկ էներգիան, եթե լույսի հաճախությունը մեծացնենք 3 անգամ:;1,5 անգամ:;2 անգամ:;3 անգամ:;4 անգամ:;2;
1962;Ո՞ւմ փորձերի արդյունքների հիման վրա առաջարկվեց ատոմի մոլորակային մոդելը:;Բորի:;Ռեզերֆորդի:;Թոմսոնի:;Մայքելսոնի:;2;
1963;Ռեզերֆորդի փորձերում ի՞նչ ուժի ազդեցությամբ են շեղվում α-մասնիկները:;Գրավիտացիոն:;Միջուկային:;Էլեկտրամագնիսական:;Թույլ փոխազդեցության:;3;
1964;Ինչո՞ւ Ռեզերֆորդի փորձերում α-մասնիկների մեծ մասն ազատ անցնում է թիթեղի միջով` գործնականում չշեղվելով սկզբնական ուղղությունից:;Որովհետև ատոմի միջուկն ունի դրական լիցք:;Որովհետև էլեկտրոններն ունեն բացասական լիցք:;Որովհետև միջուկի չափերը շատ անգամ փոքր են ատոմի չափերից:;Որովհետև α-մասնիկն ունի մեծ զանգված:;3;
1965;Նկարում պատկերված են չորս տարբեր չեզոք ատոմների սխեմաներ: Դրանցից ո՞րն է առավել համապատասխանում C ատոմին:;ա-ն:;բ-ն:;գ-ն:;դ-ն:;1;1965.png
1966;Ի՞նչ կարգի մեծություն է ատոմի շառավիղը:;10⁻⁶;10⁻¹⁰;10⁻¹³;10⁻¹⁵;2;
1967;Ո՞ր նախադասությունն է ճիշտ արտահայտում Բորի առաջին կանխադրույթը:;Ատոմը կազմված է միջուկից և նրա շուրջը պտտվող էլեկտրոններից:;Էլեկտրոնը միջուկի շուրջ կարող է պտտվել միայն որոշակի ստացիոնար ուղեծրերով, որոնցով շարժվելիս այն չի ճառագայթում:;Էլեկտրոնն ատոմում մի ստացիոնար վիճակից մյուսին անցնելիս ճառագայթում կամ կլանում է ֆոտոն:;Ատոմում դրական լիցքը կենտրոնացված է նրա միջուկում:;2;
1968;Ո՞ր պնդումն է ճիշտ արտահայտում ատոմի` լույսի կլանման և ճառագայթման ունակությունը:;Ատոմը կլանում և ճառագայթում է կամայական հաճախության ֆոտոններ:;Ատոմը կլանում է կամայական հաճախության ֆոտոններ և ճառագայթում միայն որոշակի հաճախության ֆոտոններ:;Ատոմը կլանում է միայն որոշակի հաճախության ֆոտոններ և ճառագայթում կամայական հաճախության ֆոտոններ:;Ատոմը կլանում և ճառագայթում է միայն որոշակի հաճախության ֆոտոններ:;4;
1969;Ինչպե՞ս է փոխվում ատոմի էներգիան, երբ էլեկտրոնը միջուկին մոտ ուղեծրից տեղափոխվում է ավելի հեռու ուղեծիր:;Մեծանում է:;Փոքրանում է:;Չի փոխվում:;Կմեծանա կամ կփոքրանա:;1;
1970;Ի՞նչ ν հաճախության ֆոտոն է ճառագայթում ատոմը, երբ այն E₂ էներգիայով գրգռված վիճակից անցնում է E₁ էներգիայով հիմնական վիճակի:;E₂/h;E₁/h; (E₂+E₁)/h; (E₂−E₁)/h;4;
1971;Տարբեր հաճախությամբ քանի՞ ֆոտոն կարձակվի 3-րդ ստացիոնար էներգիական մակարդակում գտնվող ատոմը, եթե բոլոր անցումները հնարավոր են:;1;2;3;4;3;1971.png
1972;Նկարում պատկերված է ատոմի էներգիական մակարդակների դիագրամը: Ո՞ր անցումն է համապատասխանում ամենամեծ ալիքի երկարությամբ ֆոտոնի կլանմանը:;E₃ → E₄;E₂ → E₃;E₃ → E₁;E₁ → E₄;1;question_images/1972.png
1973;Նկարում պատկերված է ատոմի էներգիական մակարդակների դիագրամը: Ո՞ր անցման դեպքում է ատոմի ճառագայթած ալիքի հաճախությունն առավելագույնը:;E₂ → E₃;E₄ → E₃;E₁ → E₃;E₄ → E₁;4;question_images/1973.png
1974;Ատոմը E₃ էներգիական մակարդակից E₁ մակարդակ անցնելիս ճառագայթում է λ₁ ալիքի երկարությամբ ֆոտոն, իսկ E₂-ից E₁ մակարդակ անցնելիս` λ₂ ալիքի երկարությամբ ֆոտոն: Ի՞նչ ալիքի երկարությամբ ֆոտոն կճառագայթի ատոմը E₃ մակարդակից E₂ մակարդակ անցնելիս:;λ₁ + λ₂;λ₁ − λ₂;λ₁λ₂ / (λ₂ − λ₁);λ₁λ₂ / (λ₂ + λ₁);3;
1975;Նկարում պատկերված են ատոմի էներգիական մակարդակները և նրանց միջև անցումները: Անցումներին համապատասխանող հաճախությունների կամ ալիքի երկարությունների միջև ո՞ր առնչությունն է ճիշտ:;ν₄ = ν₂ + ν₁ + ν₅;ν₄ = ν₂ + ν₁;λ₄ = λ₂ + λ₁ + λ₅;λ₄ = λ₂ − λ₁;1;question_images/1975.png
1976;Ի՞նչ մասնիկներից է կազմված ատոմի միջուկը:;Էլեկտրոններից և նեյտրոններից:;Էլեկտրոններից և պրոտոններից:;Պրոտոններից և նեյտրոններից:;Էլեկտրոններից, պրոտոններից և նեյտրոններից:;3;
1977;Ի՞նչ կարգի մեծություններ են ատոմների միջուկների չափերը:;10⁻⁸-10⁻¹⁰ մ;10⁻¹⁰-10⁻¹¹ մ;10⁻¹⁴-10⁻¹⁵ մ;10⁻²⁰ մ;4;
1978;Որքա՞ն է չեզոք ատոմում էլեկտրոնների թիվը, եթե ատոմի միջուկը պարունակում է Z պրոտոն և N նեյտրոն:;Z + N;Z − N;0;Z;4;
1979;Որքա՞ն է էլեկտրոնների թիվը ուրանի ²³⁸₉₂U միջուկում:;92;238;0;146;3;
1980;Քանի՞ նեյտրոն է պարունակում նեոնի ¹⁷₁₀Ne միջուկը:;27;17;10;7;4;
1981;Ո՞ր մեծությունն են անվանում զանգվածային թիվ:;Միջուկում պրոտոնների թիվը:;Միջուկի զանգվածը:;Ատոմի զանգվածը:;Միջուկում պրոտոնների և նեյտրոնների թիվը:;4;
1982;Ինչո՞վ են տարբերվում իրարից նույն տարրի իզոտոպները:;Էլեկտրոնների թվով:;Նեյտրոնների թվով:;Պրոտոնների թվով:;Լիցքով:;2;
1983;Ո՞րն է նախադասության ճիշտ շարունակությունը: Նույն քիմիական տարրի իզոտոպների;քիմիական հատկություններն ու միջուկների լիցքերը նույնն են, զանգվածները՝ տարբեր:;քիմիական հատկություններն ու միջուկների զանգվածները նույնն են, միջուկների լիցքերը՝ տարբեր:;միջուկների լիցքերը նույնն են, քիմիական հատկություններն ու զանգվածները՝ տարբեր:;միջուկների զանգվածները նույնն են, քիմիական հատկություններն ու միջուկների լիցքերը՝ տարբեր:;1;
1984;Ո՞ր պնդումն է սխալ:;Միջուկային ուժերը զգալիորեն դրսևորվում են միայն միջուկի չափերի կարգի հեռավորություններում:;Միջուկային ուժերը էականորեն գերազանցում են կուլոնյան փոխազդեցության ուժերին:;Միջուկային ուժերը գործում են նուկլոնների միջև:;Միջուկային ուժերը լինում են միայն վանողական բնույթի:;4;
1985;Ո՞ր մասնիկների փոխանակման միջոցով է իրականանում ուժեղ փոխազդեցությունը երկու նուկլոնների միջև:;Էլեկտրոնների:;γ-քվանտների:;Պոզիտրոնների:;π-մեզոնների:;4;
1986;Ո՞րն է նախադասության ճիշտ շարունակությունը: Միջուկի կապի էներգիան այն էներգիան է, որը;անջատվում է միջուկի տրոհման ժամանակ:;անհրաժեշտ է միջուկը երկու կեսի տրոհելու համար:;անջատվում է երկու միջուկների սինթեզի ժամանակ:;անհրաժեշտ է միջուկն առանձին պրոտոնների և նեյտրոնների տրոհելու համար:;4;
1987;Որքա՞ն է Z պրոտոնից և N նեյտրոնից կազմված միջուկի ΔE կապի էներգիան, եթե միջուկի զանգվածը Mմ է, պրոտոնինը` mպ, նեյտրոնինը` mն:;ΔE = Mմc²;ΔE = (Zmպ + Nmն)c²;ΔE = 0;ΔE = (Zmպ + Nmն − Mմ)c²;4;
1988;Ստորև նշված միջուկային ռեակցիայում անջատվո՞ւմ, թե՞ կլանվում է էներգիա (մասնիկների նշանների ներքևում բերված են դրանց զանգվածները` արտահայտված ՄէՎ-երով):;Անջատվում է:;Կլանվում է:;Ո՛չ անջատվում է, ո՛չ կլանվում:;Սկզբում կլանվում է, հետո՝ անջատվում:;1;question_images/1988.png
1989;Ի՞նչ մասնիկ առաքեց ատոմի միջուկը, եթե դրա հետևանքով զանգվածային թիվը պակասեց մեկով, իսկ կարգաթիվը չփոխվեց:;Պրոտոն:;Նեյտրոն:;Էլեկտրոն:;Ֆոտոն:;2;
1990;⁹₄Be-ի միջուկը α-մասնիկներով ճառագայթահարելիս առաջանում է ¹²₆C միջուկ: Ի՞նչ մասնիկ է առաջանում այդ դեպքում:;Նեյտրոն:;Պրոտոն:;Էլեկտրոն:;Նեյտրինո:;1;
1991;Ո՞րն է ²⁷₁₃Al + ⁴₂He → ³⁰₁₅P + X միջուկային ռեակցիայի երկրորդ X անդամը:;α-մասնիկ:;Նեյտրոն:;Էլեկտրոն:;γ-քվանտ:;2;
1992;Ի՞նչ միջուկ է առաջանում ¹₁p + ¹¹₅B → 2α + ? միջուկային ռեակցիայի հետևանքով:;p;⁶₃Li;³₁H;⁴₂He;4;
1993;Ի՞նչ մասնիկ է առաջանում ⁹₄Be + ²₁H → ¹⁰₅B + ? միջուկային ռեակցիայի հետևանքով:;Պրոտոն:;Նեյտրոն:;α-մասնիկ:;γ-քվանտ:;2;
1994;Բերիլիումի ⁹₄Be միջուկը, կլանելով ²₁H դեյտերիում, փոխակերպվեց բորի ¹⁰₅B միջուկի: Ի՞նչ մասնիկ անջատվեց այդ դեպքում:;Պրոտոն:;Էլեկտրոն:;α-մասնիկ:;Նեյտրոն:;4;
1995;Ո՞րն է նախադասության ճիշտ շարունակությունը: Միջուկային ռեակցիան սկզբունքորեն հնարավոր չէ, եթե չի պահպանվում;ռեակցիայի մեջ մտնող մասնիկների ընդհանուր լիցքը:;պրոտոնների ընդհանուր թիվը:;ռեակցիայի մեջ մտնող բոլոր մասնիկների արագությունների գումարը:;նեյտրոնների ընդհանուր թիվը:;1;
1996;Ճառագայթաակտիվ տրոհման ռեակցիայի արդյունքում ⁴⁰₁₉K միջուկը ⁴⁰₂₀Ca միջուկի փոխակերպվելիս զրոյից տարբեր զանգվածով ի՞նչ մասնիկ է առաջանում:;Նեյտրոն:;Պրոտոն:;Պոզիտրոն:;Էլեկտրոն:;4;
1997;Ո՞ր միջուկային ռեակցիան հնարավոր չէ, քանի որ խախտվում է լիցքի պահպանման օրենքը:;²³⁵₉₂U + ¹₀n → ²³²₉₀Th + ⁴₂He;¹⁹⁷₇₉Au + ¹₀n → ¹⁹⁷₈₀Hg + ¹₁p;⁴⁸₂₂Ti + ¹₀n → ⁴⁷₂₂Ti + 2¹₀n;²³⁶₉₂U → ⁹⁷₄₀Zr + ¹³⁷₅₂Te + 2¹₀n;2;
1998;Ո՞ր երևույթն է կոչվում ճառագայթաակտիվություն:;Ատոմի` ռադիոալիքների առաքումը:;Ատոմի արժեքական էլեկտրոնի ինքնակամ կորուստը:;Ատոմի` տեսանելի տիրույթում էլեկտրամագնիսական ալիքների առաքումը:;Ատոմի միջուկի ինքնակամ փոխակերպումը:;4;
1999;α, β և γ ճառագայթներից որո՞նք են ավելի շատ շեղվում մագնիսական դաշտում:;α-ճառագայթները:;β-ճառագայթները:;γ-ճառագայթները:;Բոլորն էլ շեղվում են նույն չափով:;2;
2000;Ճառագայթաակտիվ նյութից առաքված α, β և γ ճառագայթների փունջը մտնում է մագնիսական դաշտ, որի ինդուկցիայի վեկտորն ուղղահայաց է նկարի հարթությանը և ուղղված է դեպի դիտողը: Ի՞նչ ուղղությամբ կշեղվեն այդ ճառագայթումները:;α-ն՝ աջ, β-ն՝ չի շեղվի, γ-ն՝ ձախ:;α-ն՝ ձախ, β-ն՝ չի շեղվի, γ-ն՝ աջ:;α-ն՝ ձախ, β-ն՝ աջ, γ-ն՝ չի շեղվի:;α-ն՝ աջ, β-ն՝ ձախ, γ-ն՝ չի շեղվի:;4;question_images/2000.png
2001;Որքա՞ն է այն միջուկի կարգաթիվը, որը ստացվում է Z կարգաթիվ ունեցող միջուկի α-տրոհման հետևանքով:;Z − 1;Z − 2;Z − 4;Z + 1;2;
2002;Ի՞նչ միջուկ է առաջանում ᴬZX միջուկի α-տրոհման արդյունքում:;ᴬ₋₄Z Y;ᴬZ₋₂Y;ᴬ₋₄Z₋₂Y;ᴬZ₂Y;3;
2003;Արեգակի ընդերքում տեղի են ունենում մասնավորապես ներքոնշյալ միջուկային ռեակցիաները: Ո՞րն է α-տրոհում:;¹⁴₅B → ¹⁴₆C + ⁰₋₁e;⁷₄Be + ¹₁p → ⁸₅B;⁷₄Be + ⁰₋₁e → ⁷₃Li;¹⁵₇N + ¹₁p → ¹²₆C + ⁴₂He;4;
2004;Ո՞ր միջուկի α-տրոհման հետևանքով է առաջանում ²¹⁶₈₄Po միջուկը:;²¹⁴₈₀Hg;²¹²₈₂Pb;²²⁰₈₆Rn;²¹⁸₈₄Rn;3;
2005;Ի՞նչ փոխակերպում է տեղի ունենում միջուկում β-տրոհման հետևանքով:;Նեյտրոնը տրոհվում է պրոտոնի, էլեկտրոնի և հականեյտրինոյի:;Նեյտրոնը տրոհվում է էլեկտրոնի, պոզիտրոնի և հականեյտրինոյի:;Պրոտոնը տրոհվում է նեյտրոնի, էլեկտրոնի և նեյտրինոյի:;Պրոտոնը տրոհվում է պոզիտրոնի և նեյտրինոյի:;1;
2006;Ինչպե՞ս է փոխվում նեյտրոնների թիվն ատոմի միջուկում, երբ այն արձակում է երեք β մասնիկ:;Մեծանում է երեքով:;Փոքրանում է երեքով:;Մեծանում է վեցով:;Փոքրանում է վեցով:;2;
2007;Լիթիումի ⁸₃Li իզոտոպի միջուկի տրոհման հետևանքով առաջացան էլեկտրոն և երկու միատեսակ նոր միջուկներ: Ի՞նչ նյութի միջուկներ են դրանք:;Ջրածնի:;Բորի:;Հելիումի:;Դեյտերիումի:;3;
2008;Ի՞նչ միջուկի է փոխակերպվում ²³⁸₉₂U իզոտոպի միջուկը մեկ α և մեկ β-տրոհման հետևանքով:;²³⁴₉₁Pa;²³²₉₀Th;²³⁴₉₂U;²²⁹₈₈Ra;1;
2009;Ճառագայթաակտիվ իզոտոպի կարգաթիվը Z է: Որքա՞ն կլինի 8 β և 4 α-տրոհման հետևանքով առաջացած միջուկի կարգաթիվը:;Z − 4;Z;Z − 5;Z + 1;2;
2010;Ի՞նչ է γ-ճառագայթումը:;Էլեկտրոնների հոսք:;Հելիումի միջուկների հոսք:;Պրոտոնների հոսք:;Միջուկի առաքած էլեկտրամագնիսական ճառագայթման քվանտների հոսք:;4;
2011;Ատոմի միջուկի ինչպիսի՞ ճառագայթման դեպքում չեն փոխվում նրա կարգաթիվը և զանգվածի թիվը:;α;β;γ;Այդպիսի ճառագայթում գոյություն չունի:;3;
2012;Պոլոնումի ²¹⁸₈₄Po ատոմի միջուկը ի՞նչ ճառագայթաակտիվ տրոհումների հետևանքով է փոխակերպվում բիսմուտի ²¹⁴₈₃Bi միջուկի:;β-տրոհման:;α-տրոհման:;β և γ-տրոհումների:;α և β-տրոհումների:;4;
2013;Տվյալ ճառագայթաակտիվ տարրի կիսատրոհման պարբերությունը 29 տարի է: Ի՞նչ է դա նշանակում:;29 տարում բոլոր միջուկները կտրոհվեն:;29 տարի անց չտրոհված միջուկների թիվը կկազմի սկզբնական միջուկների թվի կեսը:;29 տարում կտրոհվի սկզբնական միջուկների թվի 1/29 մասը:;29 տարում կտրոհվի մեկ միջուկ:;2;
2014;Ճառագայթաակտիվ իզոտոպի կիսատրոհման պարբերությունը 2 րոպե է: Այդ իզոտոպի 1000 միջուկից քանի՞սը կտրոհվի 2 րոպեի ընթացքում:;Ոչ մեկը:;Բոլորը:;250-ը:;500-ը:;4;
2015;Առաջին րոպեում 4000 միատեսակ ռադիոակտիվ միջուկներից տրոհվում է 2000 միջուկ: Քանի՞ միջուկ կտրոհվի երկրորդ րոպեում:;2000;1500;1200;1000;4;
2016;Ճառագայթաակտիվ իզոտոպի միջուկների ո՞ր տոկոսը չի տրոհվի կիսատրոհման պարբերության կրկնապատիկին հավասար ժամանակահատվածում:;25%;50%;75%;0%;1;
2017;Նկարում պատկերված է ճառագայթաակտիվ նյութի չտրոհված միջուկների թվի` ժամանակից կախումն արտահայտող գրաֆիկը: Որքա՞ն է տրոհման կիսապարբերությունն այդ նյութի համար:;25 ժամ;50 ժամ;100 ժամ;200 ժամ;2;question_images/2017.png
2018;Ո՞րն է նախադասության ճիշտ շարունակությունը: Միջուկային սինթեզի հետևանքով տեղի է ունենում՝;ատոմի էլեկտրամագնիսական ճառագայթման կլանում:;քիմիական ռեակցիա:;մեկ կամ մի քանի միջուկների միավորում:;միջուկի` էլեկտրոնի կլանում:;3;
2019;Ո՞րն է ջերմամիջուկային սինթեզի ռեակցիա:;²³⁵₉₂U → ²³¹₉₀Th + ⁴₂He;e⁺ + e⁻ → γ + γ + γ;p → n + e⁺ + ν;³₁H + ²₁H → ⁴₂He + n;4;
2020;Ո՞ր ռեակցիան է արտահայտում ծանր միջուկի տրոհումը:;²³⁵₉₂U → ²³¹₉₀Th + ⁴₂He;p → n + e⁺ + ν;e⁺ + e⁻ → γ + γ + γ;³₁H + ²₁H → ⁴₂He + n;1;
2021;Ի՞նչ իզոտոպ է առաջանում ⁸₃Li իզոտոպի մեկ β և մեկ α-տրոհումների հետևանքով:;¹₁H;²₁H;³₂He;⁴₂He;4;
2022;Արեգակի ընդերքում ջերմաստիճանը հասնում է տասնյակ միլիոնավոր կելվինների: Ինչո՞վ է դա բացատրվում:;Իր առանցքի շուրջ Արեգակի արագ պտույտով:;Ծանր միջուկների տրոհմամբ:;Թեթև միջուկների ջերմամիջուկային սինթեզով:;Ջրածնի այրմամբ:;3;
2023;Ո՞ր նյութն է միջուկային ռեակտորում օգտագործվում որպես միջուկային վառելիք:;Ուրան:;Գրաֆիտ:;Կադմիում:;Ծանր ջուր:;1;
2024;Ի՞նչ մասնիկների շնորհիվ է ապահովվում ուրանի միջուկների ճեղքման շղթայական ռեակցիան:;Պրոտոնների:;Նեյտրոնների:;Էլեկտրոնների:;α-մասնիկների:;2;
2025;Ի՞նչ ռեակցիա է տեղի ունենում միջուկային ռեակտորում:;Միջուկների տրոհման կառավարվող շղթայական ռեակցիա:;Միջուկների սինթեզման կառավարվող ռեակցիա:;Միջուկների տրոհման չկառավարվող շղթայական ռեակցիա:;Միջուկների սինթեզման չկառավարվող ռեակցիա:;1;
2026;Կփոխակերպվի՞ արդյոք տարրական մասնիկը այլ տարրական մասնիկների:;Այո, եթե չեն խախտվում պահպանման օրենքները:;Այո, կփոխակերպվի կամայական մասնիկի:;Ոչ, քանի որ այն տարրական է:;Ոչ, քանի որ կխախտվեն պահպանման օրենքները:;1;
2027;Ո՞րն է նախադասության ճիշտ շարունակությունը: Լեպտոններ են կոչվում այն մասնիկները`;որոնց զանգվածը զրո է:;որոնք չեն մասնակցում ուժեղ փոխազդեցություններին:;որոնք ունեն ամբողջաթիվ սպին:;որոնց տրոհման հետևանքով առաջանում են նուկլոններ:;2;
2028;Որքա՞ն է me = me⁺ = m զանգվածներով էլեկտրոնի և պոզիտրոնի e⁻ + e⁺ → 2γ անիհիլացիայի շնորհիվ առաջացած երկու ֆոտոնների ընդհանուր էներգիայի նվազագույն արժեքը:;mc²;2mc²;mc²/2;Այդպիսի պրոցես հնարավոր չէ:;2;
2029;Ի՞նչ մասնիկներ են առաջանում էլեկտրոնի և պոզիտրոնի անիհիլացիայի ժամանակ:;Էլեկտրոն և γ-քվանտ:;2 էլեկտրոն:;2 պոզիտրոն:;2 γ-քվանտ:;4;
2030;Ի՞նչ մասնիկներ են առաջանում ազատ նեյտրոնի տրոհման հետևանքով:;Էլեկտրոն, պրոտոն, հականեյտրինո:;Էլեկտրոն, պրոտոն, նեյտրինո:;Պոզիտրոն, պրոտոն, նեյտրոն:;Էլեկտրոն, պոզիտրոն, նեյտրինո:;1;
2031;Որքա՞ն է նեյտրինոյի լիցքը:;-1,6·10⁻¹⁹ Կլ;1,6·10⁻¹⁹ Կլ;1 Կլ;0;4;
2032;Փոխազդեցության ժամանակ նուկլոններն ի՞նչ մասնիկներ են փոխանակում միջուկում:;Էլեկտրոններ:;π-մեզոններ:;Մյուոններ:;Նեյտրինոներ:;2;
2033;Ազատ պրոտոնի և նեյտրոնի ո՞ր փոխակերպումն է հնարավոր: ա. n → p + e⁻ + ν̃, բ. p → n + e⁺ + ν;Միայն ա-ն:;Միայն բ-ն:;Երկուսն էլ:;Ոչ մեկը:;1;
2034;Մասնիկների ո՞ր խումբն է կազմված քվարկներից:;Էլեկտրոն, պրոտոն, նեյտրոն, π-մեզոն, նեյտրինո:;Էլեկտրոն, պրոտոն, նեյտրոն, π-մեզոն:;Էլեկտրոն, պրոտոն, նեյտրոն:;Պրոտոն, նեյտրոն, π-մեզոն:;4;
2035;Ի՞նչ քվարկներից է կազմված պրոտոնը:;Երկու «u» քվարկից և մեկ «d» քվարկից:;Մեկ «u» քվարկից և երկու «d» քվարկից:;Մեկ «u» քվարկից և մեկ «d» քվարկից:;Երկու «u» քվարկից և երկու «d» քվարկից:;1;































































